Name,Watched?,Rating,Tags,Must Watch Meter,Movie Name
2 Fast 2 Furious ,Yes,5.0,racing,,
3 Idiots,Yes,5.0,bollywood,,
10 Cloverfield Lane,Yes,5.0,thriller,,
12 Angry Men,Yes,5.0,thriller,,
21 Jump Street,Yes,5.0,comedy,,
A Beautiful Mind,Yes,5.0,history,,
A Quiet Place,Yes,5.0,thriller,,
American Psycho,Yes,5.0,thriller,,
Baahubali 2,Yes,5.0,kollywood,,
Babylon,Yes,5.0,history,,
Big Hero 6,Yes,5.0,animated,,
Bigil,Yes,5.0,kollywood,,
Bohemian Rhapsody,Yes,5.0,history,,
Brightburn,Yes,5.0,supernatural,,
Bullet Train,Yes,5.0,action,,
Catch Me If You Can,Yes,5.0,thriller,,
Coco,Yes,5.0,animated,,
Dictator,Yes,5.0,comedy,,
Django Unchained,Yes,5.0,action,,
Fight Club,Yes,5.0,mindbending,,
Forrest Gump,Yes,5.0,comedy,,
Get Out,Yes,5.0,horror,,
Gladiator,Yes,5.0,action,,
Good Will Hunting,Yes,5.0,drama,,
Guns Akimbo,Yes,5.0,action,,
Harry Potter and The Prisoner of Azkaban,Yes,5.0,supernatural,,
Hera Pheri,Yes,5.0,bollywood,,
Hereditary,Yes,5.0,horror,,
How To Train Your Dragon 2,Yes,5.0,animated,,
Inception,Yes,5.0,mindbending,,
Interstellar,Yes,5.0,sci-fi,,
John Wick 4,Yes,5.0,action,,
Joker,Yes,5.0,crime,,
K. G. F.,Yes,5.0,sandalwood,,
Kantara,Yes,5.0,sandalwood,,
Kirk Party,Yes,5.0,sandalwood,,
Mad Max: Fury Road,Yes,5.0,action,,
Mission Impossible 6: Fallout,Yes,5.0,action,,
Nobody,Yes,5.0,action,,
Parasite,Yes,5.0,thriller,,
Pirates of Caribbean: At World’s End,Yes,5.0,"action, comedy",,
Pulp Fiction,Yes,5.0,crime,,
Ratatouille,Yes,5.0,animated,,
Ready Player One,Yes,5.0,sci-fi,,
Revenant,Yes,5.0,thriller,,
Saltburn,Yes,5.0,thriller,,
Saw,Yes,5.0,horror,,
Schindler’s List,Yes,5.0,history,,
Se7en,Yes,5.0,thriller,,
Sisu,Yes,5.0,action,,
Snowpiercer,Yes,5.0,thriller,,
Spider Man: Across the Spider Verse,Yes,5.0,animated,,
Taare Zameen Par,Yes,5.0,bollywood,,
The Batman,Yes,5.0,supernatural,,
The Dark Knight ,Yes,5.0,supernatural,,
The Girl with the Dragon Tattoo,Yes,5.0,thriller,,
The Godfather,Yes,5.0,crime,,
The Hangover Part 1,Yes,5.0,comedy,,
The Martian,Yes,5.0,sci-fi,,
The Maze Runner,Yes,5.0,thriller,,
The Prestige,Yes,5.0,mindbending,,
The Shawshank Redemption,Yes,5.0,thriller,,
The Social Network,Yes,5.0,history,,
The Wolf of the Wall Street,Yes,5.0,comedy,,
Titanic,Yes,5.0,romance,,
Top Gun: Maverick,Yes,5.0,action,,
Tumbbad,Yes,5.0,thriller,,
Whiplash,Yes,5.0,drama,,
Your Name,Yes,5.0,anime,,
Zindagi Na Milegi Dobara,Yes,5.0,bollywood,,
12th Fail,Yes,4.0,bollywood,,
A Quiet Place 2,Yes,4.0,thriller,,
Ala Vaikuntapuramloo,Yes,4.0,tollywood,,
Animal,Yes,4.0,bollywood,,
Annabelle,Yes,4.0,horror,,
Annabelle: Creation,Yes,4.0,horror,,
Arjun Reddy,Yes,4.0,tollywood,,
Army of Dead,Yes,4.0,"sci-fi, thriller",,
Article 375,Yes,4.0,bollywood,,
Asuran,Yes,4.0,kollywood,,
Avatar,Yes,4.0,action,,
Baahubali,Yes,4.0,tollywood,,
Baby Driver,Yes,4.0,action,,
Bangalore Days,Yes,4.0,mollywood,,
Batla House,Yes,4.0,bollywood,,
Batman Begins,Yes,4.0,"sci-fi, thriller",,
Bhoothnath,Yes,4.0,bollywood,,
Birdbox,Yes,4.0,thriller,,
Birds of Prey,Yes,4.0,supernatural,,
Black Panther,Yes,4.0,supernatural,,
Blackmail,Yes,4.0,thriller,,
Bodyguard,Yes,4.0,bollywood,,
Borat: The Subsequent Film,Yes,4.0,comedy,,
Cars 4,Yes,4.0,animated,,
Chak De India,Yes,4.0,bollywood,,
Chappie,Yes,4.0,"sci-fi, thriller",,
Chennai Express,Yes,4.0,bollywood,,
Chichhore,Yes,4.0,bollywood,,
Cloudy with a Chance of Meatballs,Yes,4.0,animated,,
Cocaine Bear,Yes,4.0,comedy,,
Crazy Rich Asians,Yes,4.0,"comedy, romance",,
Dangal,Yes,4.0,sports,,
Deadpool 2,Yes,4.0,supernatural,,
Deep Blue Sea,Yes,4.0,thriller,,
Demon Slayer: Mugen Train,Yes,4.0,anime,,
Despicable Me 3,Yes,4.0,animated,,
Dhoom 3,Yes,4.0,"action, racing",,
Dilwale Dulhaniya Le Jayenge,Yes,4.0,bollywood,,
Django Unchained,Yes,4.0,"action, history",,
Don’t Breathe,Yes,4.0,thriller,,
Dookudu,Yes,4.0,tollywood,,
Drishyam,Yes,4.0,bollywood,,
Dune,Yes,4.0,"sci-fi, thriller",,
Dune 2,Yes,4.0,"sci-fi, thriller",,
Edge of Tomorrow,Yes,4.0,"mindbending, sci-fi, thriller",,
Eega,Yes,4.0,tollywood,,
Encanto,Yes,4.0,animated,,
Enola Holmes,Yes,4.0,thriller,,
EPIC Movie,Yes,4.0,animated,,
Escape Room,Yes,4.0,thriller,,
Extraction,Yes,4.0,action,,
F2: Fun and Frustration,Yes,4.0,tollywood,,
Fall,Yes,4.0,thriller,,
Fantastic Beasts: And Where to Find Them,Yes,4.0,supernatural,,
Fast 5,Yes,4.0,racing,,
Fast and Furious 6,Yes,4.0,racing,,
Fifty Shades of Grey,Yes,4.0,romance,,
Final Destination ,Yes,4.0,thriller,,
Finding Nemo,Yes,4.0,animated,,
Five Nights at Freddy’s,Yes,4.0,horror,,
Ford vs Ferrari,Yes,4.0,racing,,
Frozen,Yes,4.0,animated,,
Furious 7,Yes,4.0,racing,,
Ghost Rider,Yes,4.0,supernatural,,
Gravity,Yes,4.0,"sci-fi, thriller",,
Grownups 1,Yes,4.0,comedy,,
Grownups 2,Yes,4.0,comedy,,
Harry Potter and The Chamber of Secrets,Yes,4.0,supernatural,,
Harry Potter and The Deathly Hallows Part - 1,Yes,4.0,supernatural,,
Harry Potter and The Deathly Hallows Part - 2,Yes,4.0,supernatural,,
Harry Potter and The Goblet of Fire,Yes,4.0,supernatural,,
Harry Potter and The Half Blood Prince,Yes,4.0,supernatural,,
Harry Potter and The Order of the Phoenix,Yes,4.0,supernatural,,
Harry Potter and The Sorcerer’s Stone,Yes,4.0,supernatural,,
Hindi Medium,Yes,4.0,bollywood,,
Horrible Bosses 1,Yes,4.0,comedy,,
Hotel Transylvania 3,Yes,4.0,animated,,
House of Wax,Yes,4.0,thriller,,
How To Train Your Dragon 1,Yes,4.0,animated,,
Humble Politician: Nograj,Yes,4.0,sandalwood,,
Ice Age: Continental Drift,Yes,4.0,animated,,
Inside Out,Yes,4.0,animated,,
Invincibles,Yes,4.0,animated,,
Jailer,Yes,4.0,kollywood,,
Jana Gana Mana,Yes,4.0,mollywood,,
John Wick 1,Yes,4.0,action,,
John Wick 2,Yes,4.0,action,,
John Wick 3,Yes,4.0,action,,
JoJo Rabbit,Yes,4.0,thriller,,
Journey To The Centre Of The Earth,Yes,4.0,"sci-fi, thriller",,
Jujutsu Kaisen 0,Yes,4.0,anime,,
Jumanji: Welcome to the Jungle,Yes,4.0,thriller,,
Jurassic Park,Yes,4.0,"sci-fi, thriller",,
Jurassic Park III,Yes,4.0,"sci-fi, thriller",,
K. G. F. Chapter 2,Yes,4.0,sandalwood,,
Kabir Singh,Yes,4.0,bollywood,,
Kanchana,Yes,4.0,tollywood,,
Kannum Kannum Kollayadithal,Yes,4.0,kollywood,,
Killers of the Flower Moon,Yes,4.0,history,,
Kingsman: The Golden Circle,Yes,4.0,action,,
Kung Fu Panda,Yes,4.0,animated,,
Kung Fu Panda 2,Yes,4.0,animated,,
Kung Fu Panda 3,Yes,4.0,animated,,
Legend,Yes,4.0,crime,,
Life of Pi,Yes,4.0,thriller,,
Lion King,Yes,4.0,animated,,
Love and Other Drugs,Yes,4.0,"comedy, romance",,
Love Mocktail,Yes,4.0,sandalwood,,
Lucy,Yes,4.0,"sci-fi, thriller",,
M.S. Dhoni: The Untold Story,Yes,4.0,bollywood,,
Magadheera,Yes,4.0,tollywood,,
Maharshi,Yes,4.0,kollywood,,
Malang,Yes,4.0,bollywood,,
Max Steel,Yes,4.0,action,,
Minions,Yes,4.0,animated,,
Mission Impossible 4: Ghost Protocol ,Yes,4.0,action,,
Moana,Yes,4.0,animated,,
Moneyball,Yes,4.0,sports,,
Monster House,Yes,4.0,animated,,
Monsters.inc,Yes,4.0,animated,,
Munna Bhai M.B.B.S.,Yes,4.0,bollywood,,
Neeyat ,Yes,4.0,bollywood,,
Night at the Museum,Yes,4.0,thriller,,
Now You Can See Me,Yes,4.0,thriller,,
Ocean’s Eight,Yes,4.0,crime,,
Ocean’s Eleven,Yes,4.0,crime,,
Ocean’s Thirteen,Yes,4.0,crime,,
Om Shanti Om,Yes,4.0,bollywood,,
Oppenheimer ,Yes,4.0,history,,
Pailwaan,Yes,4.0,sandalwood,,
Passengers,Yes,4.0,"sci-fi, thriller",,
Pete’s Dragon,Yes,4.0,thriller,,
Pirates of Caribbean: Dead Man’s Chest,Yes,4.0,"action, comedy",,
Pirates of Caribbean: Dead Men Tell No Tales,Yes,4.0,"action, comedy",,
Pirates of Caribbean: On Stranger Tides,Yes,4.0,"action, comedy",,
Pirates of Caribbean: Salazar’s Revenge,Yes,4.0,"action, comedy",,
Pirates of Caribbean: The Curse of the Black Pearl,Yes,4.0,"action, comedy",,
Poor Things,Yes,4.0,sci-fi,,
Project X,Yes,4.0,comedy,,
Ra - One,Yes,4.0,bollywood,,
Race Gurram,Yes,4.0,kollywood,,
Rangasthalam,Yes,4.0,tollywood,,
Rango,Yes,4.0,animated,,
Real Steel,Yes,4.0,action,,
Robot,Yes,4.0,tollywood,,
Salaar,Yes,4.0,tollywood,,
San Andreas,Yes,4.0,action,,
Sanju,Yes,4.0,bollywood,,
Shazam!,Yes,4.0,supernatural,,
Sholay,Yes,4.0,bollywood,,
Shutter Island,Yes,4.0,"mindbending, sci-fi, thriller",,
Sinister,Yes,4.0,horror,,
Smile,Yes,4,horror,,
Smurfs,Yes,4.0,animated,,
Son of Sathyamurthy,Yes,4.0,tollywood,,
Sorarai Pottru,Yes,4.0,kollywood,,
Speed,Yes,4.0,thriller,,
Student of the Year,Yes,4.0,bollywood,,
Suicide Squad,Yes,4.0,supernatural,,
Super 30,Yes,4.0,bollywood,,
Taxi Driver,Yes,4.0,action,,
Tenet,Yes,4.0,"mindbending, sci-fi, thriller",,
The Arrival,Yes,4.0,"sci-fi, thriller",,
The Big Short,Yes,4.0,,,
The Big Short,Yes,4.0,history,,
The Bourne Ultimatum,Yes,4.0,action,,
The Conjuring,Yes,4.0,horror,,
The Croods,Yes,4.0,animated,,
The Dark Knight Rises,Yes,4.0,"sci-fi, thriller",,
The Fast and the Furious ,Yes,4.0,racing,,
The Fate of the Furious,Yes,4.0,racing,,
The Good Dinosaur,Yes,4.0,animated,,
The Hangover Part 2,Yes,4.0,comedy,,
The Karate Kid,Yes,4.0,action,,
The Kissing Booth 1,Yes,4.0,"comedy, romance",,
The Lost World: Jurassic Park,Yes,4.0,"sci-fi, thriller",,
The Luckiest Girl in Manhattan,Yes,4.0,comedy,,
The Mask,Yes,4.0,comedy,,
The Matrix,Yes,4.0,"sci-fi, thriller",,
The Meg,Yes,4.0,"sci-fi, thriller",,
The Pianist,Yes,4.0,history,,
The Social Dilemma,Yes,4.0,"sci-fi, thriller",,
The Taking of Deborah Logan,Yes,4.0,horror,,
The Wizard of Oz,Yes,4.0,supernatural,,
Theri,Yes,4.0,kollywood,,
Thupakki,Yes,4.0,kollywood,,
Tomorrowland,Yes,4.0,"sci-fi, thriller",,
Toy Story,Yes,4.0,animated,,
Toy Story 3,Yes,4.0,animated,,
Trolls,Yes,4.0,animated,,
Up,Yes,4.0,animated,,
Ustad Hotel,Yes,4.0,mollywood,,
V,Yes,4.0,tollywood,,
V.I.P.,Yes,4.0,kollywood,,
Venom,Yes,4.0,supernatural,,
Vikram,Yes,4.0,kollywood,,
War,Yes,4.0,bollywood,,
We’re the Millers,Yes,4.0,comedy,,
Why Cheat India?,Yes,4.0,bollywood,,
Wonder Woman,Yes,4.0,supernatural,,
Wreck It Ralph,Yes,4.0,animated,,
Wrong Turn: Bloody Beginnings,Yes,4.0,horror,,
xXx: Return of Xander Cage,Yes,4.0,action,,
Yeh Jawaani Yeh Deewani,Yes,4.0,bollywood,,
Yuvarathnaa,Yes,4.0,sandalwood,,
Zathura: A Space Adventure,Yes,4.0,"sci-fi, thriller",,
Zootopia,Yes,4.0,animated,,
2 States,Yes,3.0,bollywood,,
2018,Yes,3.0,mollywood,,
A Bug’s Life,Yes,3.0,animated,,
Agent Sai Shreenevasa Athreya,Yes,3.0,tollywood,,
Alice in Wonderland,Yes,3.0,thriller,,
American Pie 2,Yes,3.0,comedy,,
American Pie: Band Camp,Yes,3.0,comedy,,
Anna Bond,Yes,3.0,sandalwood,,
Annabelle: Comes Home,Yes,3.0,horror,,
Ant Boy,Yes,3.0,supernatural,,
Ant Boy 2,Yes,3.0,supernatural,,
AntZ,Yes,3.0,animated,,
Appu,Yes,3.0,sandalwood,,
Arasu,Yes,3.0,sandalwood,,
Army of Thieves,Yes,3.0,"sci-fi, thriller",,
Baagh Milka Baagh,Yes,3.0,bollywood,,
Back to the Future,Yes,3.0,"sci-fi, thriller",,
Bad Boys for Life,Yes,3.0,action,,
Bad Education,Yes,3.0,comedy,,
Badhaai Ho,Yes,3.0,bollywood,,
Bal Ganesh,Yes,3.0,animated,,
Bal Ganesh 2,Yes,3.0,animated,,
Bala,Yes,3.0,bollywood,,
Baywatch,Yes,3.0,comedy,,
Bell Bottom,Yes,3.0,bollywood,,
Bharat Ane Nenu,Yes,3.0,kollywood,,
Bheeshma,Yes,3.0,tollywood,,
Bhoot Raja Aur Ronnie,Yes,3.0,bollywood,,
Bhoot Uncle,Yes,3.0,bollywood,,
Bhoot: The Haunted Ship,Yes,3.0,horror,,
BitConned,Yes,3.0,history,,
Black Panther : Wakanda Forever,Yes,3.0,supernatural,,
Blade Runner 2049,Yes,3.0,sci-fi,,
Bloodshot,Yes,3.0,action,,
Blue Beetle,Yes,3.0,supernatural,,
Bolt,Yes,3.0,animated,,
Brothers,Yes,3.0,drama,,
Bumblebee,Yes,3.0,action,,
Businessman,Yes,3.0,tollywood,,
Captain America,Yes,3.0,supernatural,,
Cars,Yes,3.0,animated,,
Cars 2,Yes,3.0,animated,,
Cars 3,Yes,3.0,animated,,
Chalaang,Yes,3.0,bollywood,,
Chandralekha,Yes,3.0,sandalwood,,
Charlie and the Chocolate Factory,Yes,3.0,thriller,,
Cinderella,Yes,3.0,animated,,
Cloudy with a Chance of Meatballs 2,Yes,3.0,animated,,
Cloverfield,Yes,3.0,thriller,,
Deadpool,Yes,3.0,supernatural,,
Despicable Me,Yes,3.0,animated,,
Despicable Me 2,Yes,3.0,animated,,
Detective Pikachu,Yes,3.0,thriller,,
Dhoom,Yes,3.0,"action, racing",,
Dhoom 2,Yes,3.0,"action, racing",,
Dil Bechara,Yes,3.0,bollywood,,
Dodmane Hudga,Yes,3.0,sandalwood,,
Don’t Breathe 2,Yes,3.0,thriller,,
Dumbo,Yes,3.0,animated,,
El Dorado: Lost City of Gold,Yes,3.0,animated,,
English Medium,Yes,3.0,bollywood,,
Evaru,Yes,3.0,tollywood,,
F9,Yes,3.0,racing,,
Fantastic Four,Yes,3.0,supernatural,,
Fantastic Four: Silver Surfer,Yes,3.0,supernatural,,
Fantasy Island,Yes,3.0,thriller,,
Fast and Furious 4,Yes,3.0,racing,,
Fast and Furious: Hobbs And Shaw,Yes,3.0,racing,,
Ferdinand,Yes,3.0,animated,,
Finding Dory,Yes,3.0,animated,,
Five Feet Apart,Yes,3.0,romance,,
Frozen 2,Yes,3.0,animated,,
Ganga,Yes,3.0,horror,,
Garuda Gamana Vrushabhan Vahana,Yes,3.0,sandalwood,,
Godzilla vs Kong,Yes,3.0,action,,
Golmaal Again,Yes,3.0,bollywood,,
Good Newzz,Yes,3.0,bollywood,,
Gulabo Sitabo,Yes,3.0,bollywood,,
Gully Boy,Yes,3.0,bollywood,,
Gunday,Yes,3.0,bollywood,,
Hacked,Yes,3.0,bollywood,,
Happy New Year,Yes,3.0,bollywood,,
Herbie: Fully Loaded,Yes,3.0,racing,,
Heropanti,Yes,3.0,bollywood,,
Horrible Bosses 2,Yes,3.0,comedy,,
Hotel Transylvania,Yes,3.0,animated,,
Hotel Transylvania 2,Yes,3.0,animated,,
Housefull 4,Yes,3.0,bollywood,,
How To Train Your Dragon 3,Yes,3.0,animated,,
Humpty Sharma Ki Dulhaniya,Yes,3.0,bollywood,,
Hunger,Yes,3.0,"food, thriller",,
Ice Age,Yes,3.0,animated,,
Invincibles 2,Yes,3.0,animated,,
Journey 2: Mysterious Island,Yes,3.0,"sci-fi, thriller",,
Journey to the West,Yes,3.0,supernatural,,
Julayi,Yes,3.0,tollywood,,
Jumanji,Yes,3.0,thriller,,
Jumanji: The Next Level,Yes,3.0,thriller,,
Jungle Cruise,Yes,3.0,thriller,,
Jurassic World,Yes,3.0,"sci-fi, thriller",,
Jurassic World: Dominion,Yes,3.0,"sci-fi, thriller",,
Jurassic World: Fallen Kingdom,Yes,3.0,"sci-fi, thriller",,
Justice League,Yes,3.0,supernatural,,
Kabhi Kushi Kabhi Gham,Yes,3.0,bollywood,,
Kalpana,Yes,3.0,sandalwood,,
Kesari,Yes,3.0,bollywood,,
Kingsman: The Secret Service,Yes,3.0,action,,
Knock Knock,Yes,3.0,thriller,,
Krishh,Yes,3.0,bollywood,,
Krishh 2,Yes,3.0,bollywood,,
Krishh 3,Yes,3.0,bollywood,,
Kurukshetra,Yes,3.0,sandalwood,,
Labyrinthus,Yes,3.0,"mindbending, sci-fi, thriller",,
Little Mermaid,Yes,3.0,animated,,
Love Today,Yes,3.0,tollywood,,
Lucky,Yes,3.0,sandalwood,,
Ludo,Yes,3.0,bollywood,,
Malgudi Days,Yes,3.0,sandalwood,,
Mardaani,Yes,3.0,bollywood,,
Master,Yes,3.0,kollywood,,
Masterpiece,Yes,3.0,sandalwood,,
Mayabazaar,Yes,3.0,sandalwood,,
Mersal,Yes,3.0,kollywood,,
Michelles and Machines,Yes,3.0,animated,,
Middle Class Abbayi,Yes,3.0,tollywood,,
Milana,Yes,3.0,sandalwood,,
Mission Impossible 5: Rogue Nation,Yes,3.0,action,,
Mission Impossible 7: Dead Reckoning ,Yes,3.0,action,,
Mortal Kombat,Yes,3.0,action,,
Mr. and Mrs. Ramachari,Yes,3.0,sandalwood,,
Mr. Bean’s Holiday,Yes,3.0,comedy,,
My Hero Academia: Heroes Rising,Yes,3.0,anime,,
My Hero Academia: Two Heroes,Yes,3.0,anime,,
Night at the Museum: Battle of the Smithsonian,Yes,3.0,thriller,,
Night at the Museum: Secret of the Tomb,Yes,3.0,thriller,,
Now You Can See Me 2,Yes,3.0,thriller,,
Ocean’s Twelve,Yes,3.0,crime,,
Onward,Yes,3.0,animated,,
Padmaavat,Yes,3.0,bollywood,,
Paramathma,Yes,3.0,sandalwood,,
Pari: Not a Fairy Tale,Yes,3.0,bollywood,,
Pathaan,Yes,3.0,bollywood,,
Pati Patni aur Woh,Yes,3.0,bollywood,,
Phir Hera Pheri,Yes,3.0,bollywood,,
Pokemon: Lucario and the Mystery of Mew,Yes,3.0,anime,,
Pokemon: The First Movie,Yes,3.0,anime,,
Pokemon: The Rise of Darkrai,Yes,3.0,anime,,
Raazi,Yes,3.0,bollywood,,
Rajakumara,Yes,3.0,sandalwood,,
Ralph Breaks the Internet,Yes,3.0,animated,,
Ram,Yes,3.0,sandalwood,,
Ram Leela,Yes,3.0,bollywood,,
Rapunzel,Yes,3.0,animated,,
Robert,Yes,3.0,sandalwood,,
Robot 2.0,Yes,3.0,tollywood,,
Sarileru Neekevaru,Yes,3.0,tollywood,,
Sarkar,Yes,3.0,kollywood,,
Scouts Guide to the Zombie Apocalypse,Yes,3.0,comedy,,
Seetamma Vakitlo Sirimalli Chettu,Yes,3.0,tollywood,,
Shaolin Soccer,Yes,3.0,sports,,
Shazam: Fury of the Gods,Yes,3.0,supernatural,,
Skyscraper,Yes,3.0,"action, thriller",,
Smurfs 2,Yes,3.0,animated,,
Snow White,Yes,3.0,animated,,
Sonic the Hedgehog,Yes,3.0,animated,,
Sonu Ke Titu Ki Sweety,Yes,3.0,bollywood,,
Soul,Yes,3.0,animated,,
Spies In Disguise,Yes,3.0,animated,,
Stree,Yes,3.0,bollywood,,
Stuart Little,Yes,3.0,animated,,
Stuart Little 2,Yes,3.0,animated,,
Suicide Squad 2,Yes,3.0,supernatural,,
Tesla,Yes,3.0,history,,
The Adventures of Tintin,Yes,3.0,animated,,
The Angry Birds Movie,Yes,3.0,animated,,
The Boss Baby,Yes,3.0,animated,,
The Boss Baby: Family Business,Yes,3.0,animated,,
The Cloverfield Paradox,Yes,3.0,thriller,,
The Conjuring 2,Yes,3.0,horror,,
The Conjuring: The Devil Made Me Do It,Yes,3.0,horror,,
The Croods: A New Age,Yes,3.0,animated,,
The Fast and the Furious: Tokyo Drift ,Yes,3.0,racing,,
The Fuck It List,Yes,3.0,comedy,,
The Girl Next Door,Yes,3.0,"comedy, romance",,
The Great Gatsby,Yes,3.0,drama,,
The Hangover Part 3,Yes,3.0,comedy,,
The King’s Man,Yes,3.0,action,,
The Menu,Yes,3.0,"food, thriller",,
The Zoya Factor,Yes,3.0,bollywood,,
Thugs of Hindustan,Yes,3.0,bollywood,,
Toy Story 2,Yes,3.0,animated,,
Toy Story 4,Yes,3.0,animated,,
Trance,Yes,3.0,"mindbending, sci-fi, thriller",,
True Lies,Yes,3.0,action,,
Truth or Dare,Yes,3.0,horror,,
Ujda Chaman,Yes,3.0,bollywood,,
Uri,Yes,3.0,bollywood,,
Varisu,Yes,3.0,kollywood,,
Venky Mama,Yes,3.0,kollywood,,
Venom: Let There Be Carnage,Yes,3.0,supernatural,,
Vikramadityan,Yes,3.0,mollywood,,
War of the Worlds,Yes,3.0,"sci-fi, thriller",,
Wonder Woman 1984,Yes,3.0,supernatural,,
Yajamana,Yes,3.0,sandalwood,,
Zokkomon,Yes,3.0,bollywood,,
Zoom,Yes,3.0,sandalwood,,
2001 : A Space Odyssey,Yes,2.0,sci-fi,,
Aayirathil Oruvan,Yes,2.0,kollywood,,
Akash,Yes,2.0,sandalwood,,
Alita and the Battle Angel,Yes,2.0,"sci-fi, thriller",,
Alvin and the Chipmunks,Yes,2.0,animated,,
Antarikshyanam,Yes,2.0,tollywood,,
Avane Shriman Narayana,Yes,2.0,sandalwood,,
Avatar: The Last Airbender,Yes,2.0,animated,,
Badrinath Ki Dulhaniya,Yes,2.0,bollywood,,
Barbie,Yes,2.0,drama,,
Beauty and the Beast,Yes,2.0,animated,,
BFG,Yes,2.0,animated,,
Bhagamathi,Yes,2.0,tollywood,,
Bhoot and Friends,Yes,2.0,comedy,,
Bhoot Raja Aur Ronnie 2,Yes,2.0,bollywood,,
Bhoothnath Returns,Yes,2.0,bollywood,,
Boruto: Naruto the Movie,Yes,2.0,anime,,
Charlotte’s Web,Yes,2.0,animated,,
Dear Comrade,Yes,2.0,tollywood,,
Fast X,Yes,2.0,racing,,
Gaja,Yes,2.0,sandalwood,,
Goosebumps,Yes,2.0,"sci-fi, thriller",,
Gubbi Mele Brahmastra,Yes,2.0,sandalwood,,
Karwaan,Yes,2.0,bollywood,,
Lage Raho Munna Bhai,Yes,2.0,bollywood,,
Madha,Yes,2.0,sandalwood,,
My Friend Ganesha,Yes,2.0,animated,,
My Friend Ganesha 2,Yes,2.0,animated,,
My Hero Academia: World Heroes’ Mission,Yes,2.0,anime,,
Odeya,Yes,2.0,sandalwood,,
One Piece: Stampede,Yes,2.0,anime,,
Pagalpanti,Yes,2.0,bollywood,,
Pokemon: Genesect and the Legend Awakened,Yes,2.0,anime,,
Pokemon: Mewto Strikes Back,Yes,2.0,anime,,
Pokemon: The Legend of Arceus,Yes,2.0,anime,,
Porki,Yes,2.0,sandalwood,,
Saaho,Yes,2.0,kollywood,,
Shubh Mangal Zyada Savdhaan,Yes,2.0,bollywood,,
Tarzan: The Wonder Car,Yes,2.0,bollywood,,
Ted,Yes,2.0,comedy,,
Thappad,Yes,2.0,bollywood,,
Toonpur ka Superhero,Yes,2.0,bollywood,,
Vamshi,Yes,2.0,sandalwood,,
Baaghi 3,Yes,1.0,bollywood,,
Boy,Yes,1.0,bollywood,,
David Copperfield’s Story,Yes,1.0,history,,
De De Pyaar De,Yes,1.0,bollywood,,
Dia,Yes,1.0,sandalwood,,
French Biryani,Yes,1.0,sandalwood,,
Green Lantern,Yes,1.0,supernatural,,
HTHS,Yes,1.0,drama,,
Jawaani Janeman,Yes,1.0,bollywood,,
Judwaa 2,Yes,1.0,bollywood,,
Meri Pyari Bindu,Yes,1.0,bollywood,,
Professor Shanku and El Dorado,Yes,1.0,bollywood,,
Sachin: A Billion Dreams,Yes,1.0,bollywood,,
Sadak 2,Yes,1.0,bollywood,,
Sankashtakara Ganapati,Yes,1.0,sandalwood,,
Student of the Year 2,Yes,1.0,bollywood,,
Wild Dog,Yes,1.0,tollywood,,
World Famous Lover,Yes,1.0,tollywood,,
1: Nenokkadine,No,,tollywood,3.0,
7am Arivu,No,,tollywood,4.0,
22 Female Kottayam,No,,mollywood,3.0,
22 Jump Street,No,,comedy,2.0,
24,No,,tollywood,3.0,
300,No,,history,4.0,
A Nightmare on Elm Street,No,3.0,horror,1.0,
A Serbian Film,No,,thriller,1.0,
A View to a Kill,No,,action,1.0,
After Life,No,,comedy,1.0,
Afterlife,No,,comedy,1.0,
Aftersun,No,,drama,1.0,
Alien,No,,action,1.0,
Aliens,No,,sci-fi,1.0,
All Quiet On the Western Front,No,,history,4.0,
American Pie,No,,comedy,2.0,
American Pie: Beta House,No,,comedy,2.0,
American Pie: The Naked Mile,No,,comedy,2.0,
American Reunion,No,,comedy,2.0,
American Wedding,No,,comedy,2.0,
Anchorman 2: The Legend Continues,No,,comedy,3.0,
Anchorman: The Legend of Ron Burgundy,No,,comedy,3.0,
Animal House,No,,comedy,3.0,
Anjani Putra,No,,sandalwood,2.0,
Apocalypse Now,No,,action,4.0,
Apollo 13,No,,"sci-fi, thriller",3.0,
Aravinda Sametha Veera Raghava,No,,tollywood,5.0,
Arjun Suravaram,No,,tollywood,4.0,
Armaggedon,No,,action,3.0,
Arya 2,No,,tollywood,3.0,
AVP: Alien Vs. Predator,No,,supernatural,1.0,
Baby Driver 2,No,,action,4.0,
Back to the Future 2,No,,"mindbending, sci-fi, thriller",4.0,
Back to the Future 3,No,,"mindbending, sci-fi, thriller",4.0,
Bad Boys ,No,,action,3.0,
Bad Teacher,No,,comedy,4.0,
Badava Rascal,No,,sandalwood,4.0,
Badrinaath,No,,tollywood,3.0,
Barbarian,No,,thriller,5.0,
Batman v Superman: Dawn of Justice,No,,supernatural,4.0,
Beast,No,,kollywood,4.0,
Beautiful Boy,No,,drama,4.0,
Bhajarangi,No,,sandalwood,4.0,
Bhajarangi 2,No,,sandalwood,4.0,
Bhajarangi Bhaijaan,No,,bollywood,4.0,
Bimbisara,No,,tollywood,4.0,
Blockers,No,,comedy,4.0,
Blonde,No,,drama,3.0,
Bruno,No,,comedy,5.0,
Cabinet of Curiosities,No,,thriller,4.0,
Candyman,No,3,horror,3.0,
Casino Royale,No,,action,5.0,
Cast Away,No,,thriller,4.0,
Charlie’s Angels,No,,"action, comedy",4.0,
Chatrapati,No,,tollywood,5.0,
Chemical Hearts,No,,"comedy, romance",5.0,
Child’s Play,No,,horror,4.0,
Chup: Revenge of the the Artist,No,,mollywood,5.0,
Cinema Paradiso,No,,history,4.0,
Confession of a Murder,No,,crime,3.0,
Constantine,No,,supernatural,5.0,
"Crazy, Stupid, Love",No,,"comedy, romance",3.0,
Dasara,No,,tollywood,5.0,
Dead Poets Society,No,,history,4.0,
Death Race,No,,racing,4.0,
Death Race 2,No,,racing,4.0,
Death Race 3: Inferno,No,,racing,4.0,
Death Race: Beyond Anarchy,No,,racing,4.0,
Deep Water,No,,thriller,3.0,
Detective Chinatown 3,No,,comedy,5.0,
Dhamarukam,No,,tollywood,3.0,
Dhruva,No,,tollywood,4.0,
Diamonds are Forever,No,,action,1.0,
Die Another Day,No,,action,3.0,
Die Hard,No,,action,4.0,
Die Hard 2: Die Harder,No,,action,3.0,
Dinner for Schmucks,No,,comedy,4.0,
Disco Raja,No,,tollywood,3.0,
DJ: Duvvada Jagannadham,No,,tollywood,4.0,
Dolittle,No,,comedy,4.0,
Dora and the Lost City of Gold,No,,comedy,4.0,
Dr. No,No,,action,3.0,
Drag Me to Hell,No,,horror,3.0,
Drishyam 2,No,,bollywood,4.0,
Driving Licence,No,,mollywood,3.0,
Due Date,No,,comedy,4.0,
Dunkirk,No,,history,4.0,
Enola Holmes 2,No,,thriller,4.0,
Evan Almighty,No,,comedy,4.0,
Evil Dead,No,,horror,3.0,
Evil Dead Rise,No,,horror,4.0,
Exam,No,,thriller,4.0,
F3: Fun and Frustration,No,,tollywood,3.0,
Ferris Bueller’s Day Off,No,,drama,3.0,
Fifty Shades Darker,No,,romance,3.0,
Fifty Shades Freed,No,,romance,3.0,
Final Destination 2,No,,thriller,4.0,
Final Destination 3,No,,thriller,4.0,
Final Destination 5,No,,thriller,4.0,
Flipped,No,,horror,3.0,
For Your Eyes Only,No,,action,3.0,
Four Lions,No,,comedy,4.0,
Foxcatcher,No,,thriller,4.0,
From Russia with Love,No,,action,3.0,
G.I. Joe: Ever Vigilant,No,,action,4.0,
G.I. Joe: Retaliation,No,,action,4.0,
G.I. Joe: The Rise of Cobra,No,,action,4.0,
Gabbar Singh,No,,tollywood,4.0,
Gaddalakonda Ganesh,No,,tollywood,3.0,
Geetha Govindam,No,,tollywood,3.0,
Gentleman,No,,tollywood,3.0,
Ghajini,No,,bollywood,3.0,
Ghost Rider: Spirit of Vengence,No,,supernatural,4.0,
Godhi Banna Sadharana Maikattu,No,,sandalwood,4.0,
GoldenEye,No,,action,3.0,
Goldfinger,No,,action,3.0,
Gone Girl,No,,romance,3.0,
Goodfellas,No,,crime,5.0,
Grave of the Fireflies,No,,anime,5.0,
Hacksaw Ridge,No,,history,5.0,
Halloween,No,,horror,4.0,
Halloween Kills,No,,horror,5.0,
Happy Days,No,,tollywood,4.0,
Heat,No,,action,4.0,
Hebbuli,No,,sandalwood,4.0,
Hitman,No,,action,4.0,
Hitman: Agent 47,No,,action,4.0,
Hollow Man,No,,thriller,4.0,
Hollow Man 2,No,,thriller,4.0,
Hostel Hudugaru Bekiddare,No,,sandalwood,5.0,
Hotel Transylvania: Transformania,No,,animated,4.0,
How it Ends?,No,,thriller,4.0,
Hridayam,No,,mollywood,5.0,
Hustle,No,,sports,4.0,
I,No,,kollywood,4.0,
Ice Age: Collision Course,No,,animated,4.0,
Ice Age: Dawn of the Dinosaurs,No,,animated,4.0,
Ice Age: The Meltdown,No,,animated,4.0,
Idiocracy,No,,comedy,5.0,
In Secret,No,,romance,4.0,
Incendies,No,,action,4.0,
Independence Day,No,,action,4.0,
Indiana Jones and the Dial of Destiny,No,,action,4.0,
Indiana Jones and the Kingdom of the Crystal Skull,No,,action,4.0,
Indiana Jones and the Last Crusade,No,,action,4.0,
Indiana Jones and the Temple of Doom,No,,action,4.0,
Inglorious Bastards,No,,action,5.0,
Insidious ,No,,horror,4.0,
Insidious: Chapter 2,No,,horror,4.0,
Insidious: Chapter 3,No,,horror,4.0,
Insidious: The Last Key,No,,horror,4.0,
Insidious: The Red Door,No,,horror,4.0,
Insomnia,No,,thriller,5.0,
Iratta,No,,mollywood,5.0,
Irreversible,No,,thriller,3.0,
iSmart Shankar,No,,tollywood,5.0,
It,No,,horror,5.0,
Jai Bhim,No,,tollywood,5.0,
Jai Lava Kusa,No,,tollywood,4.0,
James and the Giant Peach,No,,animated,3.0,
Janatha Garage,No,,tollywood,5.0,
Jaws,No,,horror,5.0,
Jerry and Marge Go Large,No,,comedy,4.0,
Jersey,No,,tollywood,4.0,
Jigsaw,No,,horror,4.0,
Jolt,No,,action,4.0,
Kaashmora,No,,kollywood,4.0,
Karnan,No,,kollywood,4.0,
Karthikeya 2,No,,tollywood,4.0,
Karvva,No,,sandalwood,3.0,
Katamarayudu,No,,tollywood,4.0,
Kick,No,,mollywood,3.0,
King Kong,No,,action,4.0,
Krack,No,,tollywood,4.0,
Krishna Gaadi Veera Prema Gadha,No,,tollywood,4.0,
Kumbalangi Nights,No,,mollywood,3.0,
Kung Fu Hustle,No,,action,5.0,
Kurup,No,,mollywood,4.0,
Kuruthi,No,,mollywood,4.0,
La Haine,No,,history,4.0,
La La Land,No,,musical,5.0,
Labour of Love,No,,romance,4.0,
Last Christmas,No,,"comedy, romance",3.0,
Liar Liar,No,,comedy,4.0,
License to Kill,No,,action,1.0,
Lights Out,No,,horror,4.0,
Lincoln,No,,history,3.0,
Live and Let Die,No,,action,1.0,
Logan,No,,supernatural,5.0,
Love Aaj Kal,No,,bollywood,4.0,
Love Mocktail 2,No,,sandalwood,4.0,
Lucifer,No,,mollywood,3.0,
Maaran,No,,kollywood,4.0,
Maari,No,,kollywood,4.0,
Maari 2,No,,kollywood,3.0,
Madagascar,No,,animated,1.0,
Madagascar 4,No,,animated,1.0,
Madagascar: Escape 2 Africa,No,,animated,1.0,
Madagascar: Europe’s Most Wanted,No,,animated,1.0,
Madly Madagascar,No,,animated,1.0,
Majili,No,,tollywood,3.0,
Major,No,,tollywood,4.0,
Malayankunju,No,,mollywood,3.0,
Malena,No,,drama,4.0,
Malignant,No,,horror,3.0,
Malik,No,,mollywood,3.0,
Man of Steel,No,,supernatural,4.0,
Margin Call,No,,thriller,5.0,
Me Before You,No,,romance,1.0,
Mechanic: Resurrection,No,,action,4.0,
Meet Cute,No,,comedy,2.0,
Megamind,No,,animated,1.0,
Memento,No,,thriller,2.0,
Men in Black ,No,,action,3.0,
Men in Black 2,No,,action,3.0,
Men in Black 3,No,,action,3.0,
Men in Black: International,No,,action,3.0,
Men of Honour ,No,,history,4.0,
Midsommar,No,,comedy,3.0,
Mirchi,No,,tollywood,4.0,
Mission Impossible 1,No,,action,4.0,
Mission Impossible 2,No,,action,4.0,
Mission Impossible 3,No,,action,4.0,
Moonraker,No,,action,1.0,
Mr. and Mrs. Smith,No,,action,2.0,
Mr. Perfect,No,,tollywood,3.0,
Mufti,No,,sandalwood,5.0,
Mughal-E-Azam,No,,bollywood,4.0,
"Naa Peru Surya, Naa Illu India",No,,tollywood,4.0,
Naayak,No,,tollywood,3.0,
Name,No,,anime,,
Nani’s Gang Leader,No,,tollywood,4.0,
Nannaku Prematho,No,,tollywood,4.0,
National Treasure,No,,thriller,4.0,
National Treasure 3,No,,thriller,4.0,
National Treasure: Book of Secrets,No,,thriller,4.0,
Neighbours,No,,comedy,4.0,
Nenu Local,No,,tollywood,4.0,
Never Say Never Again,No,,action,1.0,
Night at the Museum: Kahmunrah Rises Again,No,,thriller,4.0,
No Strings Attached,No,,"comedy, romance",2.0,
No Time To Die,No,,action,2.0,
Nope,No,,"sci-fi, thriller",3.0,
Oblivion,No,,"sci-fi, thriller",3.0,
October,No,,bollywood,2.0,
Octopussy,No,,action,1.0,
Old Boy,No,,history,4.0,
Om,No,,sandalwood,4.0,
On Her Majesty’s Secret Service,No,,action,1.0,
Ondu Motteya Kathe,No,,sandalwood,4.0,
Ouija,No,,horror,4.0,
Pacific Rim,No,,action,4.0,
Paper Towns,No,,romance,4.0,
Paranormal Activity ,No,,horror,1.0,
Paranormal Activity 2,No,,horror,1.0,
Paranormal Activity 3,No,,horror,1.0,
Paranormal Activity 4,No,,horror,1.0,
Paranormal Activity: Next of Kin,No,,horror,1.0,
Paranormal Activity: The Ghost Dimension,No,,horror,1.0,
Paranormal Activity: The Marked Ones,No,,horror,1.0,
Pearl Harbor,No,,history,3.0,
Penguins of Madagascar,No,,animated,1.0,
Percy Jackson and the Lightning Tree,No,,action,4.0,
Percy Jackson: Sea of Monsters,No,,action,4.0,
Pilla Zamindar,No,,tollywood,2.0,
Pinocchio,No,,animated,3.0,
Piranha 3DD,No,,thriller,4.0,
Pogaru,No,,sandalwood,4.0,
Pokiri,No,,tollywood,3.0,
Pope’s Exorcist,No,,horror,3.0,
Power (Unlimited),No,,sandalwood,4.0,
Predators,No,,supernatural,2.0,
Prisoners,No,,thriller,5.0,
Prometheus,No,,supernatural,4.0,
Prometheus,No,,"sci-fi, thriller",3.0,
PS: I,No,,kollywood,4.0,
Psycho,No,,horror,4.0,
Purple Hearts,No,,"comedy, romance",5.0,
Puss in Boots,No,,animated,5.0,
Puss in Boots: The Last Wish,No,,animated,4.0,
Puss in Boots: The Three Diablos,No,,animated,4.0,
Quantum of Solace,No,,action,1.0,
Rachha,No,,tollywood,3.0,
Radhe Shyam,No,,tollywood,3.0,
Raiders of the Lost Ark,No,,action,4.0,
Raising Dion,No,,supernatural,5.0,
Raja Rani,No,,mollywood,4.0,
Raja the Great,No,,tollywood,4.0,
Rambo ,No,,action,4.0,
Rambo: Last Blood,No,,action,4.0,
Rathnan Prapancha,No,,sandalwood,4.0,
Ready or Not,No,,horror,3.0,
Red,No,,tollywood,4.0,
Requiem for a Dream,No,,thriller,4.0,
Robocop,No,,action,4.0,
Rocketry: The Nambi Effect,No,,kollywood,4.0,
Rogue One: A Star Wars Story,No,,supernatural,4.0,
Room in Rome ,No,,romance,3.0,
Rumor Has It,No,,"comedy, romance",1.0,
Rush Hour,No,,"action, comedy",4.0,
Rush Hour 2,No,,"action, comedy",3.0,
Rush Hour 3,No,,"action, comedy",3.0,
Rush Hour 4,No,,"action, comedy",3.0,
Sapta Sagaradache Ello,No,,sandalwood,4.0,
Sardar,No,,tollywood,3.0,
Sarkari Hiriya Prathamika Shaale,No,,sandalwood,5.0,
Sarkaru Vaari Paata,No,,tollywood,3.0,
Sarrainodu,No,,tollywood,5.0,
Saving Private Ryan,No,,action,4.0,
Saw,No,,horror,3.0,
Saw 3D,No,,horror,3.0,
Saw II,No,,horror,3.0,
Saw III,No,,horror,3.0,
Saw IV,No,,horror,3.0,
Saw V,No,,horror,3.0,
Saw VI,No,,horror,3.0,
 Saw X,No,,horror,4.0,
Scarface,No,,crime,4.0,
Seeking a Friend for the End of the World,No,,romance,4.0,
Serenity,No,,thriller,5.0,
Sherlock Holmes,No,,"crime, thriller",4.0,
Sherlock Holmes: A Game of Shadows,No,,"crime, thriller",3.0,
Shiddat,No,,bollywood,4.0,
Shrek,No,,animated,5.0,
Shrek 2,No,,animated,4.0,
Shrek Forever After,No,,animated,4.0,
Shrek the Halls,No,,animated,4.0,
Shrek the Third,No,,animated,4.0,
Silence of The Lamb,No,,horror,5.0,
Simhadri,No,,tollywood,3.0,
Singam,No,,kollywood,4.0,
Singam 2,No,,kollywood,4.0,
Singam 3,No,,kollywood,4.0,
Skyfall,No,,action,1.0,
Snake Eyes: G.I. Joe Origins,No,,action,4.0,
Snatch,No,,comedy,4.0,
Snow White and the Huntsman,No,,thriller,3.0,
Society of the Snow,No,,thriller,5.0,
Solo,No,,supernatural,4.0,
Solo: A Star Wars Story,No,,supernatural,4.0,
Sound of Metal,No,,history,4.0,
Southpaw,No,,action,4.0,
Spectre,No,,action,1.0,
Spiral,No,,thriller,3.0,
Spirited Away,No,,anime,5.0,
Spyder,No,,tollywood,3.0,
Srimanthudu,No,,tollywood,5.0,
Star Wars: Episode I - The Phantom Menace,No,,supernatural,4.0,
Star Wars: Episode II - Attack of the Clones,No,,supernatural,4.0,
Star Wars: Episode III - Revenge of the Sith,No,,supernatural,4.0,
Star Wars: Episode IV - A New Hope,No,,supernatural,4.0,
Star Wars: Episode V - The Empire Strikes Back,No,,supernatural,4.0,
Star Wars: Episode VI - Return of the Jedi,No,,supernatural,4.0,
Star Wars: The Clone Wars,No,,supernatural,4.0,
Star Wars: The Force Awakens,No,,supernatural,4.0,
Star Wars: The Last Jedi,No,,supernatural,4.0,
Star Wars: The Rise of Skywalker,No,,supernatural,4.0,
Subramanyam For Sale,No,,tollywood,4.0,
Super bad,No,,comedy,4.0,
Super Deluxe,No,,kollywood,3.0,
Super Ranga,No,,sandalwood,4.0,
Sye,No,,tollywood,5.0,
Tagaru,No,,sandalwood,3.0,
Tansformers: Revenge of the Fallen,No,,action,4.0,
Taxiwala,No,,tollywood,3.0,
Ted 2,No,,comedy,3.0,
Temper,No,,tollywood,4.0,
Texas Chainsaw Massacre,No,,horror,4.0,
The 40 Year Old Virgin,No,,comedy,4.0,
The Blair Witch Project,No,,horror,3.0,
The Cabin in the Woods,No,,thriller,3.0,
The Campaign,No,,action,3.0,
The Chronicles of Narnia: Prince Caspian,No,,action,4.0,
"The Chronicles of Narnia: The Lion, the Witch and the Wardrobe",No,,action,4.0,
The Chronicles of Narnia: The Voyage of the Dawn Treader,No,,action,4.0,
The Courier,No,,thriller,4.0,
The Curse of La Llorna,No,,horror,3.0,
The Dark Tower,No,,thriller,5.0,
The Departed,No,,thriller,4.0,
The EPIC Movie (Fan Made),No,,comedy,4.0,
The Exorcist,No,,horror,3.0,
The Expendables,No,,action,3.0,
The Expendables 2,No,,action,3.0,
The Expendables 3,No,,action,3.0,
The Expendables 4,No,,action,3.0,
The Final Destination,No,,thriller,4.0,
The Game,No,,thriller,4.0,
The Godfather Part 2,No,,crime,5.0,
The Godfather Part 3,No,,crime,4.0,
The Grand Budapest Hotel,No,,comedy,3.0,
The Hateful Eight,No,,thriller,4.0,
The Haunting in Connecticut,No,,horror,1.0,
The Hobbit: An Unexpected Journey,No,,supernatural,4.0,
The Hobbit: The Battle of the Five Armies,No,,supernatural,4.0,
The Hobbit: The Desolation of Smaug,No,,supernatural,4.0,
The Holdovers,No,,comedy,5.0,
The Human Centipede (Final Sequence),No,,thriller,3.0,
The Human Centipede (First Sequence),No,,thriller,4.0,
The Human Centipede (Full Sequence),No,,thriller,3.0,
The Ice Age Adventures of Buck Wild,No,,animated,3.0,
The Interview,No,,comedy,5.0,
The Intouchables,No,,thriller,5.0,
The Invisible Man,No,,thriller,3.0,
The Invitation,No,,thriller,4.0,
The Kissing Booth 2,No,,"comedy, romance",3.0,
The Last Boy Scout,No,,action,4.0,
The Living Daylights,No,,action,1.0,
The Lord of the Ring: The Fellowship of the Ring,No,,supernatural,4.0,
The Lord of the Rings: The Return of the Ring,No,,supernatural,4.0,
The Lord of the Rings: The Two Towers,No,,supernatural,4.0,
The Man From Earth,No,,drama,4.0,
The Man with the Golden Gun,No,,action,1.0,
The Map of Tiny Perfect Things,No,,"comedy, romance",5.0,
The Matrix Reloaded,No,,action,5.0,
The Matrix Resurrections,No,,action,4.0,
The Matrix Revolutions,No,,action,4.0,
The Mechanic,No,,action,5.0,
The Mummy ,No,,supernatural,4.0,
The Mummy Returns,No,,supernatural,4.0,
The Mummy: Tomb of the Dragon Emperor,No,,supernatural,4.0,
The New Mutants,No,,supernatural,3.0,
The Northman,No,,action,5.0,
The Nun,No,,horror,4.0,
The Old Guard,No,,supernatural,2.0,
The Prince of Egypt,No,,animated,3.0,
The Sadness,No,,thriller,3.0,
The Shining,No,,horror,5.0,
The Sixth Sense,No,,"sci-fi, thriller",1.0,
The Spy who Loved Me,No,,action,1.0,
The Talented Mr. Ripley,No,,"crime, drama",5.0,
The Thing,No,,supernatural,3.0,
The Transporter,No,,action,5.0,
The Transporter: Refuelled,No,,action,4.0,
The Truman Show,No,,history,5.0,
The Unbearable Weight of Massive Talent,No,,"action, comedy",5.0,
The Villain,No,,sandalwood,3.0,
The Wailing,No,,horror,5.0,
The Witches,No,,supernatural,3.0,
The Wolverine,No,,action,4.0,
The World is not Enough,No,,action,1.0,
There will be Blood,No,,action,4.0,
Thirteen Lives,No,,"sci-fi, thriller",4.0,
Thunderball,No,,action,1.0,
Tip Toes,No,,comedy,2.0,
Tom Cruise’s: The Mummy,No,,supernatural,4.0,
Tomorrow Never Dies,No,,action,1.0,
Total Recall,No,,action,3.0,
Transcendence,No,,thriller,2.0,
Transformers,No,,action,4.0,
Transformers: Age of Extinction,No,,action,4.0,
Transformers: Dark of the Moon,No,,action,4.0,
Transformers: Rise of the Beasts,No,,action,4.0,
Transformers: The Last Knight,No,,action,4.0,
Transporter 2,No,,action,4.0,
Trauma,No,,thriller,3.0,
Tron: Legacy,No,,"sci-fi, thriller",4.0,
Troy,No,,action,2.0,
Twilight,No,,supernatural,4.0,
Twilight Saga: Breaking Dawn Part 1,No,,supernatural,3.0,
Twilight Saga: Breaking Dawn Part 2,No,,supernatural,3.0,
Twilight Saga: Eclipse,No,,supernatural,3.0,
Twilight Saga: New Moon,No,,supernatural,3.0,
Two for the Money,No,,comedy,4.0,
Ugramm,No,,sandalwood,5.0,
Ulidavaru Kandanthe,No,,sandalwood,5.0,
Underdogs,No,,animated,3.0,
Underworld,No,,action,3.0,
Uppi 2,No,,sandalwood,4.0,
V for Vendetta,No,,action,3.0,
Valerian and the City of a Thousand Planets,No,,"sci-fi, thriller",4.0,
Valimai,No,,kollywood,4.0,
Van Helsing,No,,action,4.0,
Veronica,No,,horror,5.0,
Videochat,No,,thriller,4.0,
Vikramarkudu,No,,tollywood,4.0,
Waltair Veerayya,No,,tollywood,3.0,
War Dogs,No,,action,2.0,
Warcraft,No,,supernatural,4.0,
Watcher,No,,thriller,3.0,
Watchmen,No,,supernatural,5.0,
Wedding Crashers,No,,comedy,4.0,
When We Were Young,No,,"comedy, romance",3.0,
Whisky Tango Foxtrot,No,,romance,1.0,
Wrong Turn ,No,,horror,3.0,
Wrong Turn 1,No,,horror,3.0,
Wrong Turn 2: Dead End,No,,horror,3.0,
Wrong Turn 3: Left for Dead,No,,horror,3.0,
Wrong Turn 5: Bloodlines,No,,horror,3.0,
Wrong Turn 6: Last Resort,No,,horror,3.0,
X,No,,thriller,4.0,
X Men,No,,supernatural,4.0,
X-Men Origins: Wolverine,No,,supernatural,4.0,
X-Men: Apocalypse,No,,supernatural,4.0,
X-Men: Dark Phoenix,No,,supernatural,4.0,
X-Men: Days of Future Past,No,,supernatural,4.0,
X-Men: First Class,No,,supernatural,4.0,
X-Men: The Last Stand,No,,supernatural,4.0,
X2,No,,supernatural,4.0,
xXx,No,,action,4.0,
xXx: State of the Union,No,,action,4.0,
Yamadonga,No,,tollywood,3.0,
Yes; God; Yes,No,,comedy,4.0,
Yevadu,No,,tollywood,4.0,
You Only Live Twice,No,,action,1.0,
Zodiac,No,,thriller,5.0,
Zoolander,No,,comedy,5.0,
Zoolander 2,No,,comedy,3.0,
